{"iter":40,"train/loss":9.761309623718262,"_step":8,"_runtime":255.922240623,"lr":3e-05,"_wandb":{"runtime":282},"_timestamp":1.7422879008474488e+09,"mfu":70.74655412406906,"val/loss":9.784704208374023}