{"_wandb":{"runtime":157},"_step":8,"lr":3e-05,"train/loss":9.683450698852539,"mfu":44.06858657327753,"iter":40,"_runtime":155.553059597,"_timestamp":1.74228509319003e+09,"val/loss":9.507664680480957}