{"lr":3e-05,"_timestamp":1.7422870138794403e+09,"_wandb":{"runtime":347},"mfu":41.223073216847496,"_runtime":318.532158275,"iter":40,"train/loss":9.682881355285645,"val/loss":9.506799697875977,"_step":8}