{"train/loss":8.905191421508789,"mfu":39.90467067373956,"_timestamp":1.7422843501570067e+09,"_runtime":101.210478469,"_step":4,"iter":20,"_wandb":{"runtime":110},"val/loss":8.7733736038208,"lr":3e-05}