{"_runtime":237.415977384,"train/loss":2.938173770904541,"lr":3e-05,"_step":8,"_timestamp":1.742284069271629e+09,"iter":40,"val/loss":2.9459102153778076,"mfu":30.570607067167277,"_wandb":{"runtime":240}}