{"mfu":28.924101751281047,"iter":40,"_step":8,"val/loss":2.9457926750183105,"_wandb":{"runtime":395},"lr":3e-05,"_runtime":364.226319684,"_timestamp":1.7422864939616144e+09,"train/loss":2.938194751739502}