{"_timestamp":1.7422836447354505e+09,"train/loss":3.088304042816162,"_step":8,"lr":3e-05,"mfu":27.101707609182924,"val/loss":2.9523463249206543,"_runtime":251.630036024,"iter":40,"_wandb":{"runtime":255}}