{"iter":0,"_step":0,"_runtime":18.765475454,"val/loss":10.262691497802734,"train/loss":10.434537887573242,"_timestamp":1.742287455069797e+09,"_wandb":{"runtime":19},"mfu":-100,"lr":3e-05}