{"mfu":70.41868686152193,"_step":8,"iter":40,"_runtime":314.263309956,"_wandb":{"runtime":340},"val/loss":9.935073852539062,"lr":3e-05,"_timestamp":1.7422894849734545e+09,"train/loss":9.868731498718262}