{"_timestamp":1.742285356342562e+09,"train/loss":9.683977127075195,"val/loss":9.507750511169434,"iter":40,"_runtime":156.163541293,"lr":3e-05,"_wandb":{"runtime":158},"mfu":44.110396357830915,"_step":8}