{"_timestamp":1.7422904372858696e+09,"train/loss":9.935598373413086,"_runtime":802.927145188,"_step":20,"iter":100,"val/loss":10.090289115905762,"_wandb":{"runtime":830},"lr":3e-05,"mfu":70.29036167729264}