{"train/loss":3.0881407260894775,"val/loss":2.95241117477417,"mfu":25.719833334135643,"_runtime":381.767547595,"_wandb":{"runtime":413},"iter":40,"lr":3e-05,"_step":8,"_timestamp":1.7422859264980903e+09}