{"_timestamp":1.742284760606405e+09,"iter":40,"_step":8,"train/loss":2.938304901123047,"val/loss":2.9457409381866455,"mfu":31.095627485423748,"_wandb":{"runtime":246},"lr":3e-05,"_runtime":243.540482811}